Participant ID,Full Name,Email Address,Phone Number,Department,Registration Status,Registration Date
TCET-GIVEAWAY-0001,TANVI TIWARI,tanvi.tiwari1@tcetmumbai.in,+91 8601414221,Information Technology,CONFIRMED,2026-08-25
TCET-GIVEAWAY-0002,ADVIK DAS,advik.das2@tcetmumbai.in,+91 7533427256,Mechanical Engineering,CONFIRMED,2026-08-17
TCET-GIVEAWAY-0003,AYAAN AGARWAL,ayaan.agarwal3@tcetmumbai.in,+91 8822538964,External Guest / Attendee,CONFIRMED,2026-08-17
TCET-GIVEAWAY-0004,KAVYA MUKHERJEE,kavya.mukherjee4@tcetmumbai.in,+91 9595616993,Electronics & Telecommunication,CONFIRMED,2026-08-17
TCET-GIVEAWAY-0005,NAVYA GOEL,navya.goel5@tcetmumbai.in,+91 9614481235,Internet of Things,CONFIRMED,2026-08-20
TCET-GIVEAWAY-0006,SANKET VERMA,sanket.verma6@tcetmumbai.in,+91 7126957405,Computer Engineering,CONFIRMED,2026-08-16
TCET-GIVEAWAY-0007,SAANVI GHOSH,saanvi.ghosh7@tcetmumbai.in,+91 7439062936,Electronics & Telecommunication,CONFIRMED,2026-08-17
TCET-GIVEAWAY-0008,PRANAV SINGHAL,pranav.singhal8@tcetmumbai.in,+91 7399258240,Organizing Committee,CONFIRMED,2026-08-18
TCET-GIVEAWAY-0009,DEV GUPTA,dev.gupta9@tcetmumbai.in,+91 7167916865,Organizing Committee,CONFIRMED,2026-08-20
TCET-GIVEAWAY-0010,MAYANK KAPOOR,mayank.kapoor10@tcetmumbai.in,+91 7378252405,Artificial Intelligence & Data Science,CONFIRMED,2026-08-17
TCET-GIVEAWAY-0011,SAMARTH DAS,samarth.das11@tcetmumbai.in,+91 8483871357,Civil Engineering,CONFIRMED,2026-08-20
TCET-GIVEAWAY-0012,GAURAV KUMAR,gaurav.kumar12@tcetmumbai.in,+91 7577079330,Organizing Committee,CONFIRMED,2026-08-23
TCET-GIVEAWAY-0013,DEEPAK BOSE,deepak.bose13@tcetmumbai.in,+91 7159773534,External Guest / Attendee,CONFIRMED,2026-08-18
TCET-GIVEAWAY-0014,CHIRAG MISHRA,chirag.mishra14@tcetmumbai.in,+91 7900510859,Electronics & Telecommunication,CONFIRMED,2026-08-21
TCET-GIVEAWAY-0015,SAI SEN,sai.sen15@tcetmumbai.in,+91 9916668902,Artificial Intelligence & Data Science,CONFIRMED,2026-08-23
TCET-GIVEAWAY-0016,VEDA KAMATH,veda.kamath16@tcetmumbai.in,+91 7864753732,Internet of Things,CONFIRMED,2026-08-18
TCET-GIVEAWAY-0017,KAUSTUBH SHAH,kaustubh.shah17@tcetmumbai.in,+91 9831446793,Civil Engineering,CONFIRMED,2026-08-17
TCET-GIVEAWAY-0018,DHRUV GARG,dhruv.garg18@tcetmumbai.in,+91 9202007207,Information Technology,CONFIRMED,2026-08-19
TCET-GIVEAWAY-0019,ANANYA DUBEY,ananya.dubey19@tcetmumbai.in,+91 8724615528,Organizing Committee,CONFIRMED,2026-08-17
TCET-GIVEAWAY-0020,MANDAR BANSAL,mandar.bansal20@tcetmumbai.in,+91 7927484421,External Guest / Attendee,CONFIRMED,2026-08-23
TCET-GIVEAWAY-0021,RAJAT GUPTA,rajat.gupta21@tcetmumbai.in,+91 8883632509,Civil Engineering,CONFIRMED,2026-08-25
TCET-GIVEAWAY-0022,ANANYA JAIN,ananya.jain22@tcetmumbai.in,+91 7435482622,External Guest / Attendee,CONFIRMED,2026-08-24
TCET-GIVEAWAY-0023,TANVI AGARWAL,tanvi.agarwal23@tcetmumbai.in,+91 8350604821,Organizing Committee,CONFIRMED,2026-08-20
TCET-GIVEAWAY-0024,KABIR SHAH,kabir.shah24@tcetmumbai.in,+91 8152863241,Mechanical Engineering,CONFIRMED,2026-08-25
TCET-GIVEAWAY-0025,ANANYA YADAV,ananya.yadav25@tcetmumbai.in,+91 9730800558,Computer Engineering,CONFIRMED,2026-08-22
TCET-GIVEAWAY-0026,ABHISHEK GUPTA,abhishek.gupta26@tcetmumbai.in,+91 9821253685,Computer Engineering,CONFIRMED,2026-08-22
TCET-GIVEAWAY-0027,TUSHAR DESHMUKH,tushar.deshmukh27@tcetmumbai.in,+91 8984564363,Civil Engineering,CONFIRMED,2026-08-24
TCET-GIVEAWAY-0028,ATHARVA PATIL,atharva.patil28@tcetmumbai.in,+91 9240696218,External Guest / Attendee,CONFIRMED,2026-08-20
TCET-GIVEAWAY-0029,VIVAAN ROY,vivaan.roy29@tcetmumbai.in,+91 9862751433,Electronics & Telecommunication,CONFIRMED,2026-08-22
TCET-GIVEAWAY-0030,KAUSTUBH BOSE,kaustubh.bose30@tcetmumbai.in,+91 9055836892,Information Technology,CONFIRMED,2026-08-20
TCET-GIVEAWAY-0031,KARAN YADAV,karan.yadav31@tcetmumbai.in,+91 9217906647,Internet of Things,CONFIRMED,2026-08-23
TCET-GIVEAWAY-0032,ADITI DAS,aditi.das32@tcetmumbai.in,+91 9157923146,External Guest / Attendee,CONFIRMED,2026-08-24
TCET-GIVEAWAY-0033,TANVI JOSHI,tanvi.joshi33@tcetmumbai.in,+91 7895816041,Computer Engineering,CONFIRMED,2026-08-18
TCET-GIVEAWAY-0034,SHAURYA GOEL,shaurya.goel34@tcetmumbai.in,+91 9428478488,Electronics & Telecommunication,CONFIRMED,2026-08-19
TCET-GIVEAWAY-0035,RAHUL KUMAR,rahul.kumar35@tcetmumbai.in,+91 8450360802,Organizing Committee,CONFIRMED,2026-08-20
TCET-GIVEAWAY-0036,MEERA NAIR,meera.nair36@tcetmumbai.in,+91 9493600309,Organizing Committee,CONFIRMED,2026-08-18
TCET-GIVEAWAY-0037,SAI SINGHAL,sai.singhal37@tcetmumbai.in,+91 7837458153,External Guest / Attendee,CONFIRMED,2026-08-16
TCET-GIVEAWAY-0038,PRANAV CHOPRA,pranav.chopra38@tcetmumbai.in,+91 8101315954,Organizing Committee,CONFIRMED,2026-08-18
TCET-GIVEAWAY-0039,PRATEEK GOEL,prateek.goel39@tcetmumbai.in,+91 9592018313,Computer Engineering,CONFIRMED,2026-08-24
TCET-GIVEAWAY-0040,ROHAN HEGDE,rohan.hegde40@tcetmumbai.in,+91 9522247787,Information Technology,CONFIRMED,2026-08-24
TCET-GIVEAWAY-0041,PRANAV GUPTA,pranav.gupta41@tcetmumbai.in,+91 9749661778,Computer Engineering,CONFIRMED,2026-08-25
TCET-GIVEAWAY-0042,VIHAAN PILLAI,vihaan.pillai42@tcetmumbai.in,+91 7716689561,Artificial Intelligence & Data Science,CONFIRMED,2026-08-16
TCET-GIVEAWAY-0043,VARUN MEHTA,varun.mehta43@tcetmumbai.in,+91 7573790188,Artificial Intelligence & Data Science,CONFIRMED,2026-08-25
TCET-GIVEAWAY-0044,HARSH SEN,harsh.sen44@tcetmumbai.in,+91 8125734666,Artificial Intelligence & Data Science,CONFIRMED,2026-08-19
TCET-GIVEAWAY-0045,SAHIL SHINDE,sahil.shinde45@tcetmumbai.in,+91 9294522575,External Guest / Attendee,CONFIRMED,2026-08-19
TCET-GIVEAWAY-0046,UTKARSH NAIR,utkarsh.nair46@tcetmumbai.in,+91 9633658314,Electronics & Telecommunication,CONFIRMED,2026-08-21
TCET-GIVEAWAY-0047,TANMAY GUPTA,tanmay.gupta47@tcetmumbai.in,+91 8641909040,Organizing Committee,CONFIRMED,2026-08-23
TCET-GIVEAWAY-0048,CHINMAY SINGHAL,chinmay.singhal48@tcetmumbai.in,+91 9070275723,Electronics & Telecommunication,CONFIRMED,2026-08-21
TCET-GIVEAWAY-0049,SHRUTI JOSHI,shruti.joshi49@tcetmumbai.in,+91 8928835858,Artificial Intelligence & Data Science,CONFIRMED,2026-08-22
TCET-GIVEAWAY-0050,UTKARSH PILLAI,utkarsh.pillai50@tcetmumbai.in,+91 7590668106,Electronics & Telecommunication,CONFIRMED,2026-08-19
TCET-GIVEAWAY-0051,ISHA HEGDE,isha.hegde51@tcetmumbai.in,+91 9349647298,Civil Engineering,CONFIRMED,2026-08-20
TCET-GIVEAWAY-0052,OMKAR BOSE,omkar.bose52@tcetmumbai.in,+91 7163820812,Artificial Intelligence & Data Science,CONFIRMED,2026-08-19
TCET-GIVEAWAY-0053,YASH PANDEY,yash.pandey53@tcetmumbai.in,+91 8832528607,Internet of Things,CONFIRMED,2026-08-17
TCET-GIVEAWAY-0054,VIKAS KAMATH,vikas.kamath54@tcetmumbai.in,+91 9615336416,Civil Engineering,CONFIRMED,2026-08-18
TCET-GIVEAWAY-0055,CHINMAY TIWARI,chinmay.tiwari55@tcetmumbai.in,+91 9342890007,Internet of Things,CONFIRMED,2026-08-21
TCET-GIVEAWAY-0056,AYAAN JAIN,ayaan.jain56@tcetmumbai.in,+91 9847540066,Organizing Committee,CONFIRMED,2026-08-20
TCET-GIVEAWAY-0057,NIKHIL BANSAL,nikhil.bansal57@tcetmumbai.in,+91 7773592366,Civil Engineering,CONFIRMED,2026-08-20
TCET-GIVEAWAY-0058,PRANAV CHAVAN,pranav.chavan58@tcetmumbai.in,+91 9598555506,Civil Engineering,CONFIRMED,2026-08-21
TCET-GIVEAWAY-0059,NIKHIL SEN,nikhil.sen59@tcetmumbai.in,+91 9670255227,Computer Engineering,CONFIRMED,2026-08-18
TCET-GIVEAWAY-0060,AARYAN DESHMUKH,aaryan.deshmukh60@tcetmumbai.in,+91 7521170398,Electronics & Telecommunication,CONFIRMED,2026-08-19
TCET-GIVEAWAY-0061,MEERA KULKARNI,meera.kulkarni61@tcetmumbai.in,+91 7548562346,External Guest / Attendee,CONFIRMED,2026-08-23
TCET-GIVEAWAY-0062,MUHAMMAD HEGDE,muhammad.hegde62@tcetmumbai.in,+91 9468761074,External Guest / Attendee,CONFIRMED,2026-08-19
TCET-GIVEAWAY-0063,MAYANK GARG,mayank.garg63@tcetmumbai.in,+91 9160492869,Organizing Committee,CONFIRMED,2026-08-17
TCET-GIVEAWAY-0064,VIVAAN YADAV,vivaan.yadav64@tcetmumbai.in,+91 9374875306,Computer Engineering,CONFIRMED,2026-08-22
TCET-GIVEAWAY-0065,KUNAL GHOSH,kunal.ghosh65@tcetmumbai.in,+91 7664858147,Information Technology,CONFIRMED,2026-08-25
TCET-GIVEAWAY-0066,MANDAR IYER,mandar.iyer66@tcetmumbai.in,+91 8914469675,Artificial Intelligence & Data Science,CONFIRMED,2026-08-24
TCET-GIVEAWAY-0067,TANVI CHATTERJEE,tanvi.chatterjee67@tcetmumbai.in,+91 9162303385,Computer Engineering,CONFIRMED,2026-08-16
TCET-GIVEAWAY-0068,AKASH GOEL,akash.goel68@tcetmumbai.in,+91 9664019255,Mechanical Engineering,CONFIRMED,2026-08-20
TCET-GIVEAWAY-0069,TUSHAR DUBEY,tushar.dubey69@tcetmumbai.in,+91 7584161145,Computer Engineering,CONFIRMED,2026-08-18
TCET-GIVEAWAY-0070,ALOK SINGHAL,alok.singhal70@tcetmumbai.in,+91 7600231608,Artificial Intelligence & Data Science,CONFIRMED,2026-08-24
TCET-GIVEAWAY-0071,AKASH TIWARI,akash.tiwari71@tcetmumbai.in,+91 8718199647,Information Technology,CONFIRMED,2026-08-24
TCET-GIVEAWAY-0072,ABHISHEK KAPOOR,abhishek.kapoor72@tcetmumbai.in,+91 8841697957,Mechanical Engineering,CONFIRMED,2026-08-19
TCET-GIVEAWAY-0073,POOJA SHARMA,pooja.sharma73@tcetmumbai.in,+91 9728107227,Electronics & Telecommunication,CONFIRMED,2026-08-21
TCET-GIVEAWAY-0074,RAHUL BOSE,rahul.bose74@tcetmumbai.in,+91 7028128243,Internet of Things,CONFIRMED,2026-08-17
TCET-GIVEAWAY-0075,OMKAR BANERJEE,omkar.banerjee75@tcetmumbai.in,+91 9294784151,Civil Engineering,CONFIRMED,2026-08-16
TCET-GIVEAWAY-0076,YASH RAO,yash.rao76@tcetmumbai.in,+91 7911379435,External Guest / Attendee,CONFIRMED,2026-08-18
TCET-GIVEAWAY-0077,ROHAN ROY,rohan.roy77@tcetmumbai.in,+91 8034092881,External Guest / Attendee,CONFIRMED,2026-08-22
TCET-GIVEAWAY-0078,SIDDHESH MALHOTRA,siddhesh.malhotra78@tcetmumbai.in,+91 9160196251,External Guest / Attendee,CONFIRMED,2026-08-18
TCET-GIVEAWAY-0079,ROHAN BHAT,rohan.bhat79@tcetmumbai.in,+91 7460289978,Information Technology,CONFIRMED,2026-08-23
TCET-GIVEAWAY-0080,GAURAV PANDEY,gaurav.pandey80@tcetmumbai.in,+91 9116559160,Artificial Intelligence & Data Science,CONFIRMED,2026-08-18
TCET-GIVEAWAY-0081,MANISH SEN,manish.sen81@tcetmumbai.in,+91 8913791359,Internet of Things,CONFIRMED,2026-08-24
TCET-GIVEAWAY-0082,ATHARVA BOSE,atharva.bose82@tcetmumbai.in,+91 8847750001,Civil Engineering,CONFIRMED,2026-08-25
TCET-GIVEAWAY-0083,DEEPAK CHAVAN,deepak.chavan83@tcetmumbai.in,+91 8401421545,External Guest / Attendee,CONFIRMED,2026-08-21
TCET-GIVEAWAY-0084,VARUN CHATTERJEE,varun.chatterjee84@tcetmumbai.in,+91 8223919263,Internet of Things,CONFIRMED,2026-08-21
TCET-GIVEAWAY-0085,KAUSTUBH GHOSH,kaustubh.ghosh85@tcetmumbai.in,+91 7124947083,Civil Engineering,CONFIRMED,2026-08-18
TCET-GIVEAWAY-0086,TANMAY SINGH,tanmay.singh86@tcetmumbai.in,+91 9106519057,Mechanical Engineering,CONFIRMED,2026-08-17
TCET-GIVEAWAY-0087,AARAV MALHOTRA,aarav.malhotra87@tcetmumbai.in,+91 7263979765,External Guest / Attendee,CONFIRMED,2026-08-20
TCET-GIVEAWAY-0088,SIDDHESH KULKARNI,siddhesh.kulkarni88@tcetmumbai.in,+91 7026023835,Mechanical Engineering,CONFIRMED,2026-08-25
TCET-GIVEAWAY-0089,DIYA SINGHAL,diya.singhal89@tcetmumbai.in,+91 9742151116,Mechanical Engineering,CONFIRMED,2026-08-21
TCET-GIVEAWAY-0090,PRATEEK IYER,prateek.iyer90@tcetmumbai.in,+91 7427196855,Mechanical Engineering,CONFIRMED,2026-08-20
TCET-GIVEAWAY-0091,RAJAT NAIR,rajat.nair91@tcetmumbai.in,+91 7233204741,Electronics & Telecommunication,CONFIRMED,2026-08-23
TCET-GIVEAWAY-0092,PARI VERMA,pari.verma92@tcetmumbai.in,+91 8506964389,Electronics & Telecommunication,CONFIRMED,2026-08-23
TCET-GIVEAWAY-0093,MUHAMMAD MUKHERJEE,muhammad.mukherjee93@tcetmumbai.in,+91 8408795169,Organizing Committee,CONFIRMED,2026-08-24
TCET-GIVEAWAY-0094,SAI AGARWAL,sai.agarwal94@tcetmumbai.in,+91 8489777114,Civil Engineering,CONFIRMED,2026-08-20
TCET-GIVEAWAY-0095,MANISH CHAKRABORTY,manish.chakraborty95@tcetmumbai.in,+91 8374966917,Information Technology,CONFIRMED,2026-08-22
TCET-GIVEAWAY-0096,SIDDHARTH MALHOTRA,siddharth.malhotra96@tcetmumbai.in,+91 9570333947,Organizing Committee,CONFIRMED,2026-08-24
TCET-GIVEAWAY-0097,HARSH YADAV,harsh.yadav97@tcetmumbai.in,+91 8903527024,External Guest / Attendee,CONFIRMED,2026-08-18
TCET-GIVEAWAY-0098,SHAURYA SHARMA,shaurya.sharma98@tcetmumbai.in,+91 9623617035,Computer Engineering,CONFIRMED,2026-08-19
TCET-GIVEAWAY-0099,HARSH TIWARI,harsh.tiwari99@tcetmumbai.in,+91 8512424095,Civil Engineering,CONFIRMED,2026-08-24
TCET-GIVEAWAY-0100,ARJUN IYER,arjun.iyer100@tcetmumbai.in,+91 7892742570,Computer Engineering,CONFIRMED,2026-08-21
TCET-GIVEAWAY-0101,REYANSH GUPTA,reyansh.gupta101@tcetmumbai.in,+91 7717373990,Computer Engineering,CONFIRMED,2026-08-18
TCET-GIVEAWAY-0102,ISHAAN DESHMUKH,ishaan.deshmukh102@tcetmumbai.in,+91 8829100482,External Guest / Attendee,CONFIRMED,2026-08-21
TCET-GIVEAWAY-0103,ARNAV REDDY,arnav.reddy103@tcetmumbai.in,+91 7398102440,Artificial Intelligence & Data Science,CONFIRMED,2026-08-16
TCET-GIVEAWAY-0104,RIYA HEGDE,riya.hegde104@tcetmumbai.in,+91 9765214449,Organizing Committee,CONFIRMED,2026-08-22
TCET-GIVEAWAY-0105,MEERA JAIN,meera.jain105@tcetmumbai.in,+91 9454099103,Artificial Intelligence & Data Science,CONFIRMED,2026-08-17
TCET-GIVEAWAY-0106,ALOK BANERJEE,alok.banerjee106@tcetmumbai.in,+91 9287413852,Information Technology,CONFIRMED,2026-08-16
TCET-GIVEAWAY-0107,DEEPAK GUPTA,deepak.gupta107@tcetmumbai.in,+91 7270490674,Internet of Things,CONFIRMED,2026-08-24
TCET-GIVEAWAY-0108,ADVAITH SHETTY,advaith.shetty108@tcetmumbai.in,+91 7249582635,Mechanical Engineering,CONFIRMED,2026-08-25
TCET-GIVEAWAY-0109,ROHIT SHINDE,rohit.shinde109@tcetmumbai.in,+91 7647944291,Mechanical Engineering,CONFIRMED,2026-08-21
TCET-GIVEAWAY-0110,KAVYA MUKHERJEE,kavya.mukherjee110@tcetmumbai.in,+91 8191890922,Information Technology,CONFIRMED,2026-08-20
TCET-GIVEAWAY-0111,AARYAN HEGDE,aaryan.hegde111@tcetmumbai.in,+91 7976530042,Computer Engineering,CONFIRMED,2026-08-23
TCET-GIVEAWAY-0112,REYANSH SEN,reyansh.sen112@tcetmumbai.in,+91 8625445889,Artificial Intelligence & Data Science,CONFIRMED,2026-08-22
TCET-GIVEAWAY-0113,SHRUTI MISHRA,shruti.mishra113@tcetmumbai.in,+91 7516233684,External Guest / Attendee,CONFIRMED,2026-08-16
TCET-GIVEAWAY-0114,POOJA SHETTY,pooja.shetty114@tcetmumbai.in,+91 7529058205,Information Technology,CONFIRMED,2026-08-19
TCET-GIVEAWAY-0115,SAMARTH PANDEY,samarth.pandey115@tcetmumbai.in,+91 7899399354,Mechanical Engineering,CONFIRMED,2026-08-25
TCET-GIVEAWAY-0116,KARAN SEN,karan.sen116@tcetmumbai.in,+91 9206827202,Mechanical Engineering,CONFIRMED,2026-08-22
TCET-GIVEAWAY-0117,ARJUN GUPTA,arjun.gupta117@tcetmumbai.in,+91 9701560200,Organizing Committee,CONFIRMED,2026-08-21
TCET-GIVEAWAY-0118,REYANSH CHAKRABORTY,reyansh.chakraborty118@tcetmumbai.in,+91 7311932612,Civil Engineering,CONFIRMED,2026-08-22
TCET-GIVEAWAY-0119,ZOYA TIWARI,zoya.tiwari119@tcetmumbai.in,+91 9382497187,Information Technology,CONFIRMED,2026-08-19
TCET-GIVEAWAY-0120,AYAAN DAS,ayaan.das120@tcetmumbai.in,+91 7734642593,External Guest / Attendee,CONFIRMED,2026-08-18
TCET-GIVEAWAY-0121,TANVI PATIL,tanvi.patil121@tcetmumbai.in,+91 8264489597,Civil Engineering,CONFIRMED,2026-08-22
TCET-GIVEAWAY-0122,NIKHIL MEHTA,nikhil.mehta122@tcetmumbai.in,+91 8532978297,Civil Engineering,CONFIRMED,2026-08-25
TCET-GIVEAWAY-0123,ROHIT AGARWAL,rohit.agarwal123@tcetmumbai.in,+91 9666889914,Civil Engineering,CONFIRMED,2026-08-24
TCET-GIVEAWAY-0124,MEERA MITTAL,meera.mittal124@tcetmumbai.in,+91 8277896632,Artificial Intelligence & Data Science,CONFIRMED,2026-08-24
TCET-GIVEAWAY-0125,SAURABH YADAV,saurabh.yadav125@tcetmumbai.in,+91 7026834084,Mechanical Engineering,CONFIRMED,2026-08-22
TCET-GIVEAWAY-0126,PARI RAO,pari.rao126@tcetmumbai.in,+91 8749260799,Mechanical Engineering,CONFIRMED,2026-08-24
TCET-GIVEAWAY-0127,SNEHA SHINDE,sneha.shinde127@tcetmumbai.in,+91 9205162041,Information Technology,CONFIRMED,2026-08-24
TCET-GIVEAWAY-0128,ATHARVA PANDEY,atharva.pandey128@tcetmumbai.in,+91 7627775418,Computer Engineering,CONFIRMED,2026-08-24
TCET-GIVEAWAY-0129,SHRUTI GHOSH,shruti.ghosh129@tcetmumbai.in,+91 7407435032,Computer Engineering,CONFIRMED,2026-08-19
TCET-GIVEAWAY-0130,MUHAMMAD SHARMA,muhammad.sharma130@tcetmumbai.in,+91 8516577333,Computer Engineering,CONFIRMED,2026-08-25
TCET-GIVEAWAY-0131,SHRUTI KAMATH,shruti.kamath131@tcetmumbai.in,+91 9959043767,Electronics & Telecommunication,CONFIRMED,2026-08-17
TCET-GIVEAWAY-0132,SAI HEGDE,sai.hegde132@tcetmumbai.in,+91 7123981570,Mechanical Engineering,CONFIRMED,2026-08-17
TCET-GIVEAWAY-0133,SNEHA REDDY,sneha.reddy133@tcetmumbai.in,+91 9084624023,Civil Engineering,CONFIRMED,2026-08-24
TCET-GIVEAWAY-0134,POOJA PATIL,pooja.patil134@tcetmumbai.in,+91 7705825197,External Guest / Attendee,CONFIRMED,2026-08-24
TCET-GIVEAWAY-0135,SAHIL JOSHI,sahil.joshi135@tcetmumbai.in,+91 9465599585,Mechanical Engineering,CONFIRMED,2026-08-22
TCET-GIVEAWAY-0136,GAURAV MEHTA,gaurav.mehta136@tcetmumbai.in,+91 7046439287,Mechanical Engineering,CONFIRMED,2026-08-25
TCET-GIVEAWAY-0137,ROHAN PILLAI,rohan.pillai137@tcetmumbai.in,+91 7358433879,External Guest / Attendee,CONFIRMED,2026-08-20
TCET-GIVEAWAY-0138,PRANAV REDDY,pranav.reddy138@tcetmumbai.in,+91 9482226509,Mechanical Engineering,CONFIRMED,2026-08-16
TCET-GIVEAWAY-0139,ANIKET SHAH,aniket.shah139@tcetmumbai.in,+91 9535088823,Internet of Things,CONFIRMED,2026-08-20
TCET-GIVEAWAY-0140,KUNAL ROY,kunal.roy140@tcetmumbai.in,+91 7634684363,Information Technology,CONFIRMED,2026-08-22
TCET-GIVEAWAY-0141,TUSHAR MISHRA,tushar.mishra141@tcetmumbai.in,+91 8322150456,Information Technology,CONFIRMED,2026-08-19
TCET-GIVEAWAY-0142,ALOK SEN,alok.sen142@tcetmumbai.in,+91 8472404419,Information Technology,CONFIRMED,2026-08-16
TCET-GIVEAWAY-0143,KHUSHI NAIR,khushi.nair143@tcetmumbai.in,+91 7998283306,Mechanical Engineering,CONFIRMED,2026-08-19
TCET-GIVEAWAY-0144,ANIKA KAPOOR,anika.kapoor144@tcetmumbai.in,+91 7631842502,Artificial Intelligence & Data Science,CONFIRMED,2026-08-18
TCET-GIVEAWAY-0145,KABIR CHAVAN,kabir.chavan145@tcetmumbai.in,+91 7600572421,Civil Engineering,CONFIRMED,2026-08-17
TCET-GIVEAWAY-0146,HARSH BANERJEE,harsh.banerjee146@tcetmumbai.in,+91 9411974592,Civil Engineering,CONFIRMED,2026-08-22
TCET-GIVEAWAY-0147,ANIKET SINGHAL,aniket.singhal147@tcetmumbai.in,+91 9649640526,Organizing Committee,CONFIRMED,2026-08-23
TCET-GIVEAWAY-0148,PARI MALHOTRA,pari.malhotra148@tcetmumbai.in,+91 7124253377,Internet of Things,CONFIRMED,2026-08-24
TCET-GIVEAWAY-0149,UTKARSH PATEL,utkarsh.patel149@tcetmumbai.in,+91 8399745658,Computer Engineering,CONFIRMED,2026-08-17
TCET-GIVEAWAY-0150,SHUBHAM KAPOOR,shubham.kapoor150@tcetmumbai.in,+91 9008297524,Internet of Things,CONFIRMED,2026-08-25
TCET-GIVEAWAY-0151,PRATHAMESH BANERJEE,prathamesh.banerjee151@tcetmumbai.in,+91 7945152556,Mechanical Engineering,CONFIRMED,2026-08-20
TCET-GIVEAWAY-0152,DEEPAK JOSHI,deepak.joshi152@tcetmumbai.in,+91 9370366167,Internet of Things,CONFIRMED,2026-08-17
TCET-GIVEAWAY-0153,VEDA PILLAI,veda.pillai153@tcetmumbai.in,+91 9664223188,Information Technology,CONFIRMED,2026-08-21
TCET-GIVEAWAY-0154,SAMARTH MALHOTRA,samarth.malhotra154@tcetmumbai.in,+91 7843351767,Artificial Intelligence & Data Science,CONFIRMED,2026-08-17
TCET-GIVEAWAY-0155,ADITI MEHTA,aditi.mehta155@tcetmumbai.in,+91 8952512911,Electronics & Telecommunication,CONFIRMED,2026-08-17
TCET-GIVEAWAY-0156,SIDDHARTH BANSAL,siddharth.bansal156@tcetmumbai.in,+91 8774642399,Computer Engineering,CONFIRMED,2026-08-23
TCET-GIVEAWAY-0157,SANKET GUPTA,sanket.gupta157@tcetmumbai.in,+91 8147263961,External Guest / Attendee,CONFIRMED,2026-08-23
TCET-GIVEAWAY-0158,KARAN MENON,karan.menon158@tcetmumbai.in,+91 9482997453,Mechanical Engineering,CONFIRMED,2026-08-21
TCET-GIVEAWAY-0159,GAURAV PATIL,gaurav.patil159@tcetmumbai.in,+91 7029528829,Civil Engineering,CONFIRMED,2026-08-16
TCET-GIVEAWAY-0160,SAURABH MISHRA,saurabh.mishra160@tcetmumbai.in,+91 8072739088,External Guest / Attendee,CONFIRMED,2026-08-17
TCET-GIVEAWAY-0161,CHINMAY CHAKRABORTY,chinmay.chakraborty161@tcetmumbai.in,+91 7808400754,Artificial Intelligence & Data Science,CONFIRMED,2026-08-25
TCET-GIVEAWAY-0162,SHAURYA MEHTA,shaurya.mehta162@tcetmumbai.in,+91 9196403920,Organizing Committee,CONFIRMED,2026-08-20
TCET-GIVEAWAY-0163,DHRUV PAWAR,dhruv.pawar163@tcetmumbai.in,+91 9850369920,Civil Engineering,CONFIRMED,2026-08-24
TCET-GIVEAWAY-0164,KUNAL REDDY,kunal.reddy164@tcetmumbai.in,+91 7903431777,Computer Engineering,CONFIRMED,2026-08-26
TCET-GIVEAWAY-0165,SAHIL ROY,sahil.roy165@tcetmumbai.in,+91 8214602605,Organizing Committee,CONFIRMED,2026-08-18
TCET-GIVEAWAY-0166,SANKET GOEL,sanket.goel166@tcetmumbai.in,+91 7925246597,Information Technology,CONFIRMED,2026-08-16
TCET-GIVEAWAY-0167,ANANYA TIWARI,ananya.tiwari167@tcetmumbai.in,+91 7736568482,Computer Engineering,CONFIRMED,2026-08-24
TCET-GIVEAWAY-0168,VARUN JAIN,varun.jain168@tcetmumbai.in,+91 7074486108,Mechanical Engineering,CONFIRMED,2026-08-26
TCET-GIVEAWAY-0169,VIKAS BANERJEE,vikas.banerjee169@tcetmumbai.in,+91 8786149817,Organizing Committee,CONFIRMED,2026-08-18
TCET-GIVEAWAY-0170,VEDA VERMA,veda.verma170@tcetmumbai.in,+91 9690590203,Internet of Things,CONFIRMED,2026-08-17
TCET-GIVEAWAY-0171,VIVAAN ROY,vivaan.roy171@tcetmumbai.in,+91 9997705184,Mechanical Engineering,CONFIRMED,2026-08-23
TCET-GIVEAWAY-0172,SIDDHARTH TIWARI,siddharth.tiwari172@tcetmumbai.in,+91 8013879135,Mechanical Engineering,CONFIRMED,2026-08-22
TCET-GIVEAWAY-0173,VIHAAN KAPOOR,vihaan.kapoor173@tcetmumbai.in,+91 8070129036,Artificial Intelligence & Data Science,CONFIRMED,2026-08-23
TCET-GIVEAWAY-0174,AARAV VERMA,aarav.verma174@tcetmumbai.in,+91 8017532242,Civil Engineering,CONFIRMED,2026-08-16
TCET-GIVEAWAY-0175,AKASH DUBEY,akash.dubey175@tcetmumbai.in,+91 8144342563,Artificial Intelligence & Data Science,CONFIRMED,2026-08-26
TCET-GIVEAWAY-0176,YASH HEGDE,yash.hegde176@tcetmumbai.in,+91 7704496183,Electronics & Telecommunication,CONFIRMED,2026-08-24
TCET-GIVEAWAY-0177,ALOK PANDEY,alok.pandey177@tcetmumbai.in,+91 7153818137,Organizing Committee,CONFIRMED,2026-08-17
TCET-GIVEAWAY-0178,ROHAN MITTAL,rohan.mittal178@tcetmumbai.in,+91 9403198678,Artificial Intelligence & Data Science,CONFIRMED,2026-08-20
TCET-GIVEAWAY-0179,AKASH MUKHERJEE,akash.mukherjee179@tcetmumbai.in,+91 9694731695,Computer Engineering,CONFIRMED,2026-08-18
TCET-GIVEAWAY-0180,RAHUL JAIN,rahul.jain180@tcetmumbai.in,+91 8449230909,Information Technology,CONFIRMED,2026-08-18
TCET-GIVEAWAY-0181,VEDA HEGDE,veda.hegde181@tcetmumbai.in,+91 7147064774,Computer Engineering,CONFIRMED,2026-08-18
TCET-GIVEAWAY-0182,AKASH REDDY,akash.reddy182@tcetmumbai.in,+91 8217718010,External Guest / Attendee,CONFIRMED,2026-08-24
TCET-GIVEAWAY-0183,KAVYA KULKARNI,kavya.kulkarni183@tcetmumbai.in,+91 9860725583,Organizing Committee,CONFIRMED,2026-08-21
TCET-GIVEAWAY-0184,ISHAAN SINGH,ishaan.singh184@tcetmumbai.in,+91 7396620841,Civil Engineering,CONFIRMED,2026-08-23
TCET-GIVEAWAY-0185,KHUSHI BANERJEE,khushi.banerjee185@tcetmumbai.in,+91 7894845194,Organizing Committee,CONFIRMED,2026-08-20
TCET-GIVEAWAY-0186,RAHUL AGARWAL,rahul.agarwal186@tcetmumbai.in,+91 7370739319,Mechanical Engineering,CONFIRMED,2026-08-25
TCET-GIVEAWAY-0187,MUHAMMAD VERMA,muhammad.verma187@tcetmumbai.in,+91 9918856344,Mechanical Engineering,CONFIRMED,2026-08-20
TCET-GIVEAWAY-0188,ANANYA SEN,ananya.sen188@tcetmumbai.in,+91 7960583690,Internet of Things,CONFIRMED,2026-08-20
TCET-GIVEAWAY-0189,SAI DAS,sai.das189@tcetmumbai.in,+91 8351602606,Artificial Intelligence & Data Science,CONFIRMED,2026-08-19
TCET-GIVEAWAY-0190,MANISH BHAT,manish.bhat190@tcetmumbai.in,+91 7776300761,Artificial Intelligence & Data Science,CONFIRMED,2026-08-18
TCET-GIVEAWAY-0191,SAHIL KAMATH,sahil.kamath191@tcetmumbai.in,+91 9337295718,Internet of Things,CONFIRMED,2026-08-25
TCET-GIVEAWAY-0192,ZOYA IYER,zoya.iyer192@tcetmumbai.in,+91 8534834929,Artificial Intelligence & Data Science,CONFIRMED,2026-08-19
TCET-GIVEAWAY-0193,AYAAN IYER,ayaan.iyer193@tcetmumbai.in,+91 9723410110,Civil Engineering,CONFIRMED,2026-08-22
TCET-GIVEAWAY-0194,DHRUV PANDEY,dhruv.pandey194@tcetmumbai.in,+91 8583580470,Artificial Intelligence & Data Science,CONFIRMED,2026-08-18
TCET-GIVEAWAY-0195,PRANAV MEHTA,pranav.mehta195@tcetmumbai.in,+91 8685667757,Electronics & Telecommunication,CONFIRMED,2026-08-18
TCET-GIVEAWAY-0196,SHUBHAM MENON,shubham.menon196@tcetmumbai.in,+91 9950786160,Mechanical Engineering,CONFIRMED,2026-08-18
TCET-GIVEAWAY-0197,SAANVI SHINDE,saanvi.shinde197@tcetmumbai.in,+91 8591116728,Artificial Intelligence & Data Science,CONFIRMED,2026-08-20
TCET-GIVEAWAY-0198,DIYA KAPOOR,diya.kapoor198@tcetmumbai.in,+91 7096579816,Electronics & Telecommunication,CONFIRMED,2026-08-21
TCET-GIVEAWAY-0199,KABIR REDDY,kabir.reddy199@tcetmumbai.in,+91 9722661852,Electronics & Telecommunication,CONFIRMED,2026-08-23
TCET-GIVEAWAY-0200,CHINMAY PAWAR,chinmay.pawar200@tcetmumbai.in,+91 7546511830,Mechanical Engineering,CONFIRMED,2026-08-23
TCET-GIVEAWAY-0201,SAHIL ROY,sahil.roy201@tcetmumbai.in,+91 9791285152,Civil Engineering,CONFIRMED,2026-08-18
TCET-GIVEAWAY-0202,TANMAY HEGDE,tanmay.hegde202@tcetmumbai.in,+91 9625946882,External Guest / Attendee,CONFIRMED,2026-08-23
TCET-GIVEAWAY-0203,SWAPNIL KULKARNI,swapnil.kulkarni203@tcetmumbai.in,+91 9442991032,Information Technology,CONFIRMED,2026-08-20
TCET-GIVEAWAY-0204,ADVIK PATIL,advik.patil204@tcetmumbai.in,+91 9042080042,Information Technology,CONFIRMED,2026-08-22
TCET-GIVEAWAY-0205,PRATEEK BOSE,prateek.bose205@tcetmumbai.in,+91 9367742073,External Guest / Attendee,CONFIRMED,2026-08-24
TCET-GIVEAWAY-0206,DIYA KAMATH,diya.kamath206@tcetmumbai.in,+91 7781412812,Information Technology,CONFIRMED,2026-08-25
TCET-GIVEAWAY-0207,KHUSHI MENON,khushi.menon207@tcetmumbai.in,+91 7417294180,Artificial Intelligence & Data Science,CONFIRMED,2026-08-16
TCET-GIVEAWAY-0208,RUDRA JAIN,rudra.jain208@tcetmumbai.in,+91 7895976815,Civil Engineering,CONFIRMED,2026-08-21
TCET-GIVEAWAY-0209,KUNAL MEHTA,kunal.mehta209@tcetmumbai.in,+91 9430374724,Organizing Committee,CONFIRMED,2026-08-25
TCET-GIVEAWAY-0210,DHRUV PANDEY,dhruv.pandey210@tcetmumbai.in,+91 7160778899,Civil Engineering,CONFIRMED,2026-08-23
TCET-GIVEAWAY-0211,UTKARSH MEHTA,utkarsh.mehta211@tcetmumbai.in,+91 9093961709,Civil Engineering,CONFIRMED,2026-08-20
TCET-GIVEAWAY-0212,SNEHA PATIL,sneha.patil212@tcetmumbai.in,+91 8036892303,External Guest / Attendee,CONFIRMED,2026-08-25
TCET-GIVEAWAY-0213,ALOK GOEL,alok.goel213@tcetmumbai.in,+91 7341653726,Electronics & Telecommunication,CONFIRMED,2026-08-26
TCET-GIVEAWAY-0214,TANMAY REDDY,tanmay.reddy214@tcetmumbai.in,+91 8495444265,Electronics & Telecommunication,CONFIRMED,2026-08-21
TCET-GIVEAWAY-0215,POOJA PATEL,pooja.patel215@tcetmumbai.in,+91 9230421992,Information Technology,CONFIRMED,2026-08-25
TCET-GIVEAWAY-0216,ADITYA DAS,aditya.das216@tcetmumbai.in,+91 7094946160,Artificial Intelligence & Data Science,CONFIRMED,2026-08-26
TCET-GIVEAWAY-0217,TUSHAR KUMAR,tushar.kumar217@tcetmumbai.in,+91 7516200055,Electronics & Telecommunication,CONFIRMED,2026-08-22
TCET-GIVEAWAY-0218,SHRUTI PATEL,shruti.patel218@tcetmumbai.in,+91 7682355155,Electronics & Telecommunication,CONFIRMED,2026-08-22
TCET-GIVEAWAY-0219,KRISHNA GARG,krishna.garg219@tcetmumbai.in,+91 8097565853,External Guest / Attendee,CONFIRMED,2026-08-18
TCET-GIVEAWAY-0220,TANMAY HEGDE,tanmay.hegde220@tcetmumbai.in,+91 9701569435,Computer Engineering,CONFIRMED,2026-08-24
TCET-GIVEAWAY-0221,ZOYA MISHRA,zoya.mishra221@tcetmumbai.in,+91 7429293997,Internet of Things,CONFIRMED,2026-08-18
TCET-GIVEAWAY-0222,ZOYA PAWAR,zoya.pawar222@tcetmumbai.in,+91 7850504550,Internet of Things,CONFIRMED,2026-08-21
TCET-GIVEAWAY-0223,ROHIT KUMAR,rohit.kumar223@tcetmumbai.in,+91 9679421010,Civil Engineering,CONFIRMED,2026-08-22
TCET-GIVEAWAY-0224,ANIKA RAO,anika.rao224@tcetmumbai.in,+91 9230133670,Organizing Committee,CONFIRMED,2026-08-21
TCET-GIVEAWAY-0225,GAURAV IYER,gaurav.iyer225@tcetmumbai.in,+91 8240282326,Artificial Intelligence & Data Science,CONFIRMED,2026-08-18
TCET-GIVEAWAY-0226,SAI MITTAL,sai.mittal226@tcetmumbai.in,+91 8831558722,Organizing Committee,CONFIRMED,2026-08-22
TCET-GIVEAWAY-0227,KRISHNA NAIR,krishna.nair227@tcetmumbai.in,+91 9999569294,Artificial Intelligence & Data Science,CONFIRMED,2026-08-17
TCET-GIVEAWAY-0228,MANDAR CHATTERJEE,mandar.chatterjee228@tcetmumbai.in,+91 7370393488,Organizing Committee,CONFIRMED,2026-08-16
TCET-GIVEAWAY-0229,ARNAV JOSHI,arnav.joshi229@tcetmumbai.in,+91 9243540709,Artificial Intelligence & Data Science,CONFIRMED,2026-08-26
TCET-GIVEAWAY-0230,ADITI SEN,aditi.sen230@tcetmumbai.in,+91 8705420148,Organizing Committee,CONFIRMED,2026-08-21
TCET-GIVEAWAY-0231,GAURAV CHOPRA,gaurav.chopra231@tcetmumbai.in,+91 7699346185,Civil Engineering,CONFIRMED,2026-08-16
TCET-GIVEAWAY-0232,ISHAAN JAIN,ishaan.jain232@tcetmumbai.in,+91 8709075142,Civil Engineering,CONFIRMED,2026-08-16
TCET-GIVEAWAY-0233,AARYAN PANDEY,aaryan.pandey233@tcetmumbai.in,+91 7378241647,Internet of Things,CONFIRMED,2026-08-21
TCET-GIVEAWAY-0234,PRATEEK BANERJEE,prateek.banerjee234@tcetmumbai.in,+91 9376650654,Internet of Things,CONFIRMED,2026-08-17
TCET-GIVEAWAY-0235,ARJUN PANDEY,arjun.pandey235@tcetmumbai.in,+91 9656702180,Electronics & Telecommunication,CONFIRMED,2026-08-24
TCET-GIVEAWAY-0236,ADVAITH YADAV,advaith.yadav236@tcetmumbai.in,+91 9868566977,Organizing Committee,CONFIRMED,2026-08-20
TCET-GIVEAWAY-0237,VIVAAN SINGH,vivaan.singh237@tcetmumbai.in,+91 8010222586,Civil Engineering,CONFIRMED,2026-08-24
TCET-GIVEAWAY-0238,NIKHIL BANERJEE,nikhil.banerjee238@tcetmumbai.in,+91 8759075498,Mechanical Engineering,CONFIRMED,2026-08-18
TCET-GIVEAWAY-0239,PARI BHAT,pari.bhat239@tcetmumbai.in,+91 9070028238,Computer Engineering,CONFIRMED,2026-08-24
TCET-GIVEAWAY-0240,ROHIT AGARWAL,rohit.agarwal240@tcetmumbai.in,+91 7995432863,Organizing Committee,CONFIRMED,2026-08-22
TCET-GIVEAWAY-0241,TUSHAR REDDY,tushar.reddy241@tcetmumbai.in,+91 8432455323,External Guest / Attendee,CONFIRMED,2026-08-16
TCET-GIVEAWAY-0242,DHRUV SHARMA,dhruv.sharma242@tcetmumbai.in,+91 8438685513,Artificial Intelligence & Data Science,CONFIRMED,2026-08-17
TCET-GIVEAWAY-0243,VEDA SHAH,veda.shah243@tcetmumbai.in,+91 7804311592,Electronics & Telecommunication,CONFIRMED,2026-08-24
TCET-GIVEAWAY-0244,CHIRAG KUMAR,chirag.kumar244@tcetmumbai.in,+91 7485592525,Mechanical Engineering,CONFIRMED,2026-08-25
TCET-GIVEAWAY-0245,KHUSHI AGARWAL,khushi.agarwal245@tcetmumbai.in,+91 9694085258,Electronics & Telecommunication,CONFIRMED,2026-08-18
TCET-GIVEAWAY-0246,ARNAV SHARMA,arnav.sharma246@tcetmumbai.in,+91 8629374946,Electronics & Telecommunication,CONFIRMED,2026-08-18
TCET-GIVEAWAY-0247,KUNAL SHINDE,kunal.shinde247@tcetmumbai.in,+91 9591645296,Internet of Things,CONFIRMED,2026-08-18
TCET-GIVEAWAY-0248,ADVIK PAWAR,advik.pawar248@tcetmumbai.in,+91 7479174550,External Guest / Attendee,CONFIRMED,2026-08-21
TCET-GIVEAWAY-0249,KAUSTUBH DUBEY,kaustubh.dubey249@tcetmumbai.in,+91 7829345066,Internet of Things,CONFIRMED,2026-08-20
TCET-GIVEAWAY-0250,ISHA GUPTA,isha.gupta250@tcetmumbai.in,+91 7584523890,Information Technology,CONFIRMED,2026-08-25
TCET-GIVEAWAY-0251,SNEHA CHAKRABORTY,sneha.chakraborty251@tcetmumbai.in,+91 8205433301,External Guest / Attendee,CONFIRMED,2026-08-18
TCET-GIVEAWAY-0252,HARSH IYER,harsh.iyer252@tcetmumbai.in,+91 9876275439,Electronics & Telecommunication,CONFIRMED,2026-08-17
TCET-GIVEAWAY-0253,RUDRA REDDY,rudra.reddy253@tcetmumbai.in,+91 9692760164,Internet of Things,CONFIRMED,2026-08-21
TCET-GIVEAWAY-0254,ISHAAN PATEL,ishaan.patel254@tcetmumbai.in,+91 7003351749,Artificial Intelligence & Data Science,CONFIRMED,2026-08-21
TCET-GIVEAWAY-0255,UTKARSH CHAKRABORTY,utkarsh.chakraborty255@tcetmumbai.in,+91 9825448909,Organizing Committee,CONFIRMED,2026-08-25
TCET-GIVEAWAY-0256,PARI BANERJEE,pari.banerjee256@tcetmumbai.in,+91 8597339611,Mechanical Engineering,CONFIRMED,2026-08-16
TCET-GIVEAWAY-0257,VEDA KUMAR,veda.kumar257@tcetmumbai.in,+91 9005642733,Internet of Things,CONFIRMED,2026-08-18
TCET-GIVEAWAY-0258,TEJAS PANDEY,tejas.pandey258@tcetmumbai.in,+91 7135454647,Internet of Things,CONFIRMED,2026-08-23
TCET-GIVEAWAY-0259,SNEHA CHATTERJEE,sneha.chatterjee259@tcetmumbai.in,+91 8965822266,Electronics & Telecommunication,CONFIRMED,2026-08-18
TCET-GIVEAWAY-0260,RUDRA NAIR,rudra.nair260@tcetmumbai.in,+91 8894403667,Internet of Things,CONFIRMED,2026-08-20
TCET-GIVEAWAY-0261,KRISHNA DUBEY,krishna.dubey261@tcetmumbai.in,+91 9464488234,External Guest / Attendee,CONFIRMED,2026-08-19
TCET-GIVEAWAY-0262,KHUSHI KUMAR,khushi.kumar262@tcetmumbai.in,+91 9245258078,Information Technology,CONFIRMED,2026-08-22
TCET-GIVEAWAY-0263,SIDDHARTH GUPTA,siddharth.gupta263@tcetmumbai.in,+91 9474177387,Computer Engineering,CONFIRMED,2026-08-20
TCET-GIVEAWAY-0264,PRATEEK GOEL,prateek.goel264@tcetmumbai.in,+91 9592799789,Internet of Things,CONFIRMED,2026-08-17
TCET-GIVEAWAY-0265,DHRUV SHETTY,dhruv.shetty265@tcetmumbai.in,+91 9982562530,Internet of Things,CONFIRMED,2026-08-22
TCET-GIVEAWAY-0266,KUNAL KAMATH,kunal.kamath266@tcetmumbai.in,+91 8804369430,Electronics & Telecommunication,CONFIRMED,2026-08-22
TCET-GIVEAWAY-0267,TUSHAR TIWARI,tushar.tiwari267@tcetmumbai.in,+91 7988122801,Civil Engineering,CONFIRMED,2026-08-25
TCET-GIVEAWAY-0268,ROHAN MEHTA,rohan.mehta268@tcetmumbai.in,+91 8958462147,Artificial Intelligence & Data Science,CONFIRMED,2026-08-21
TCET-GIVEAWAY-0269,TANVI IYER,tanvi.iyer269@tcetmumbai.in,+91 8079164757,Mechanical Engineering,CONFIRMED,2026-08-17
TCET-GIVEAWAY-0270,KHUSHI CHATTERJEE,khushi.chatterjee270@tcetmumbai.in,+91 9777742895,Civil Engineering,CONFIRMED,2026-08-19
TCET-GIVEAWAY-0271,POOJA PANDEY,pooja.pandey271@tcetmumbai.in,+91 9788066823,Artificial Intelligence & Data Science,CONFIRMED,2026-08-24
TCET-GIVEAWAY-0272,VIGNESH GUPTA,vignesh.gupta272@tcetmumbai.in,+91 7048577955,Mechanical Engineering,CONFIRMED,2026-08-20
TCET-GIVEAWAY-0273,MUHAMMAD JOSHI,muhammad.joshi273@tcetmumbai.in,+91 7925655536,Mechanical Engineering,CONFIRMED,2026-08-20
TCET-GIVEAWAY-0274,SAMARTH SHINDE,samarth.shinde274@tcetmumbai.in,+91 8739316850,Computer Engineering,CONFIRMED,2026-08-22
TCET-GIVEAWAY-0275,PRANAV KULKARNI,pranav.kulkarni275@tcetmumbai.in,+91 9708635550,Information Technology,CONFIRMED,2026-08-24
TCET-GIVEAWAY-0276,SANKET PATIL,sanket.patil276@tcetmumbai.in,+91 8960947322,Electronics & Telecommunication,CONFIRMED,2026-08-25
TCET-GIVEAWAY-0277,ROHIT SHARMA,rohit.sharma277@tcetmumbai.in,+91 7277337403,Organizing Committee,CONFIRMED,2026-08-20
TCET-GIVEAWAY-0278,SAMARTH SHINDE,samarth.shinde278@tcetmumbai.in,+91 8795206217,Organizing Committee,CONFIRMED,2026-08-25
TCET-GIVEAWAY-0279,POOJA SEN,pooja.sen279@tcetmumbai.in,+91 9105761645,Civil Engineering,CONFIRMED,2026-08-23
TCET-GIVEAWAY-0280,SIDDHARTH PATIL,siddharth.patil280@tcetmumbai.in,+91 7050615316,Artificial Intelligence & Data Science,CONFIRMED,2026-08-20
TCET-GIVEAWAY-0281,GAURI KULKARNI,gauri.kulkarni281@tcetmumbai.in,+91 7016452109,Mechanical Engineering,CONFIRMED,2026-08-25
TCET-GIVEAWAY-0282,KARAN GHOSH,karan.ghosh282@tcetmumbai.in,+91 9073180788,Artificial Intelligence & Data Science,CONFIRMED,2026-08-21
TCET-GIVEAWAY-0283,PRATHAMESH BHAT,prathamesh.bhat283@tcetmumbai.in,+91 7237058036,External Guest / Attendee,CONFIRMED,2026-08-16
TCET-GIVEAWAY-0284,GAURI MITTAL,gauri.mittal284@tcetmumbai.in,+91 9663870677,Mechanical Engineering,CONFIRMED,2026-08-21
TCET-GIVEAWAY-0285,AARAV SINGHAL,aarav.singhal285@tcetmumbai.in,+91 8505486873,Internet of Things,CONFIRMED,2026-08-20
TCET-GIVEAWAY-0286,AKASH CHAVAN,akash.chavan286@tcetmumbai.in,+91 9952611618,Organizing Committee,CONFIRMED,2026-08-25
TCET-GIVEAWAY-0287,ABHISHEK CHOPRA,abhishek.chopra287@tcetmumbai.in,+91 8382673155,Artificial Intelligence & Data Science,CONFIRMED,2026-08-25
TCET-GIVEAWAY-0288,MUHAMMAD PATIL,muhammad.patil288@tcetmumbai.in,+91 8845906483,Information Technology,CONFIRMED,2026-08-20
TCET-GIVEAWAY-0289,GAURI DUTTA,gauri.dutta289@tcetmumbai.in,+91 7371907939,Organizing Committee,CONFIRMED,2026-08-18
TCET-GIVEAWAY-0290,RAJAT MENON,rajat.menon290@tcetmumbai.in,+91 9328321722,Internet of Things,CONFIRMED,2026-08-23
TCET-GIVEAWAY-0291,TANMAY CHAKRABORTY,tanmay.chakraborty291@tcetmumbai.in,+91 8235852986,Computer Engineering,CONFIRMED,2026-08-25
TCET-GIVEAWAY-0292,POOJA TIWARI,pooja.tiwari292@tcetmumbai.in,+91 8614736507,Computer Engineering,CONFIRMED,2026-08-22
TCET-GIVEAWAY-0293,KHUSHI SHAH,khushi.shah293@tcetmumbai.in,+91 9362385455,Internet of Things,CONFIRMED,2026-08-23
TCET-GIVEAWAY-0294,PARI MISHRA,pari.mishra294@tcetmumbai.in,+91 9997953989,Organizing Committee,CONFIRMED,2026-08-18
TCET-GIVEAWAY-0295,SWAPNIL MENON,swapnil.menon295@tcetmumbai.in,+91 8999872662,Internet of Things,CONFIRMED,2026-08-16
TCET-GIVEAWAY-0296,SAHIL DAS,sahil.das296@tcetmumbai.in,+91 8958885463,Artificial Intelligence & Data Science,CONFIRMED,2026-08-16
TCET-GIVEAWAY-0297,TANMAY JOSHI,tanmay.joshi297@tcetmumbai.in,+91 8939735105,Civil Engineering,CONFIRMED,2026-08-16
TCET-GIVEAWAY-0298,KAVYA MITTAL,kavya.mittal298@tcetmumbai.in,+91 8775559475,Civil Engineering,CONFIRMED,2026-08-23
TCET-GIVEAWAY-0299,ADITYA KAPOOR,aditya.kapoor299@tcetmumbai.in,+91 9803800732,Computer Engineering,CONFIRMED,2026-08-25
TCET-GIVEAWAY-0300,ADVIK SINGH,advik.singh300@tcetmumbai.in,+91 8429097087,Electronics & Telecommunication,CONFIRMED,2026-08-22
TCET-GIVEAWAY-0301,DIYA SEN,diya.sen301@tcetmumbai.in,+91 7226052259,Artificial Intelligence & Data Science,CONFIRMED,2026-08-23
TCET-GIVEAWAY-0302,TANVI CHOPRA,tanvi.chopra302@tcetmumbai.in,+91 9593902565,Information Technology,CONFIRMED,2026-08-18
TCET-GIVEAWAY-0303,ARJUN JAIN,arjun.jain303@tcetmumbai.in,+91 7316470543,Internet of Things,CONFIRMED,2026-08-18
TCET-GIVEAWAY-0304,CHIRAG BHAT,chirag.bhat304@tcetmumbai.in,+91 8671425994,External Guest / Attendee,CONFIRMED,2026-08-18
TCET-GIVEAWAY-0305,AARAV MEHTA,aarav.mehta305@tcetmumbai.in,+91 8531840526,Mechanical Engineering,CONFIRMED,2026-08-17
TCET-GIVEAWAY-0306,ARJUN SINGHAL,arjun.singhal306@tcetmumbai.in,+91 7974261178,Electronics & Telecommunication,CONFIRMED,2026-08-18
TCET-GIVEAWAY-0307,CHIRAG GUPTA,chirag.gupta307@tcetmumbai.in,+91 8671785633,Organizing Committee,CONFIRMED,2026-08-16
TCET-GIVEAWAY-0308,GAURI VERMA,gauri.verma308@tcetmumbai.in,+91 7716005248,Electronics & Telecommunication,CONFIRMED,2026-08-22
TCET-GIVEAWAY-0309,KAUSTUBH SINGH,kaustubh.singh309@tcetmumbai.in,+91 7421747543,Computer Engineering,CONFIRMED,2026-08-24
TCET-GIVEAWAY-0310,NIKHIL YADAV,nikhil.yadav310@tcetmumbai.in,+91 7094737759,Electronics & Telecommunication,CONFIRMED,2026-08-23
TCET-GIVEAWAY-0311,MANISH PATEL,manish.patel311@tcetmumbai.in,+91 8958538017,Computer Engineering,CONFIRMED,2026-08-16
TCET-GIVEAWAY-0312,MUHAMMAD PANDEY,muhammad.pandey312@tcetmumbai.in,+91 7193632363,Artificial Intelligence & Data Science,CONFIRMED,2026-08-22
TCET-GIVEAWAY-0313,AARAV GARG,aarav.garg313@tcetmumbai.in,+91 8620137744,Mechanical Engineering,CONFIRMED,2026-08-21
TCET-GIVEAWAY-0314,MEERA KAMATH,meera.kamath314@tcetmumbai.in,+91 8329301209,Information Technology,CONFIRMED,2026-08-20
TCET-GIVEAWAY-0315,MANDAR GARG,mandar.garg315@tcetmumbai.in,+91 9622461123,Internet of Things,CONFIRMED,2026-08-17
TCET-GIVEAWAY-0316,MUHAMMAD SHETTY,muhammad.shetty316@tcetmumbai.in,+91 7969296614,Internet of Things,CONFIRMED,2026-08-25
TCET-GIVEAWAY-0317,MANDAR GARG,mandar.garg317@tcetmumbai.in,+91 9398804260,External Guest / Attendee,CONFIRMED,2026-08-24
TCET-GIVEAWAY-0318,SIDDHESH HEGDE,siddhesh.hegde318@tcetmumbai.in,+91 8702986660,External Guest / Attendee,CONFIRMED,2026-08-16
TCET-GIVEAWAY-0319,ANANYA KULKARNI,ananya.kulkarni319@tcetmumbai.in,+91 9427095758,Information Technology,CONFIRMED,2026-08-23
TCET-GIVEAWAY-0320,CHIRAG CHAKRABORTY,chirag.chakraborty320@tcetmumbai.in,+91 7118516108,Electronics & Telecommunication,CONFIRMED,2026-08-20
TCET-GIVEAWAY-0321,ZOYA SHARMA,zoya.sharma321@tcetmumbai.in,+91 9932768666,External Guest / Attendee,CONFIRMED,2026-08-21
TCET-GIVEAWAY-0322,PRATEEK SHETTY,prateek.shetty322@tcetmumbai.in,+91 7078481504,Civil Engineering,CONFIRMED,2026-08-18
TCET-GIVEAWAY-0323,AARYAN SEN,aaryan.sen323@tcetmumbai.in,+91 7316116066,External Guest / Attendee,CONFIRMED,2026-08-24
TCET-GIVEAWAY-0324,GAURI KULKARNI,gauri.kulkarni324@tcetmumbai.in,+91 8678221300,Information Technology,CONFIRMED,2026-08-18
TCET-GIVEAWAY-0325,KARAN GOEL,karan.goel325@tcetmumbai.in,+91 8241886080,External Guest / Attendee,CONFIRMED,2026-08-18
TCET-GIVEAWAY-0326,CHINMAY PILLAI,chinmay.pillai326@tcetmumbai.in,+91 8647612024,Organizing Committee,CONFIRMED,2026-08-17
TCET-GIVEAWAY-0327,ARJUN DUTTA,arjun.dutta327@tcetmumbai.in,+91 8098345632,External Guest / Attendee,CONFIRMED,2026-08-23
TCET-GIVEAWAY-0328,SIDDHESH PILLAI,siddhesh.pillai328@tcetmumbai.in,+91 8126527018,Computer Engineering,CONFIRMED,2026-08-18
TCET-GIVEAWAY-0329,MANDAR MITTAL,mandar.mittal329@tcetmumbai.in,+91 9150403019,Civil Engineering,CONFIRMED,2026-08-25
TCET-GIVEAWAY-0330,SAHIL CHAVAN,sahil.chavan330@tcetmumbai.in,+91 8193978388,Electronics & Telecommunication,CONFIRMED,2026-08-21
TCET-GIVEAWAY-0331,ZOYA PATIL,zoya.patil331@tcetmumbai.in,+91 7189817191,External Guest / Attendee,CONFIRMED,2026-08-20
TCET-GIVEAWAY-0332,MANISH GHOSH,manish.ghosh332@tcetmumbai.in,+91 9530821558,Artificial Intelligence & Data Science,CONFIRMED,2026-08-16
TCET-GIVEAWAY-0333,SAHIL SHINDE,sahil.shinde333@tcetmumbai.in,+91 8088039774,External Guest / Attendee,CONFIRMED,2026-08-22
TCET-GIVEAWAY-0334,VIKAS MUKHERJEE,vikas.mukherjee334@tcetmumbai.in,+91 9822468410,Artificial Intelligence & Data Science,CONFIRMED,2026-08-21
TCET-GIVEAWAY-0335,SAURABH DAS,saurabh.das335@tcetmumbai.in,+91 7766699473,Mechanical Engineering,CONFIRMED,2026-08-18
TCET-GIVEAWAY-0336,VIVAAN PATIL,vivaan.patil336@tcetmumbai.in,+91 8273288699,Information Technology,CONFIRMED,2026-08-20
TCET-GIVEAWAY-0337,RAHUL DAS,rahul.das337@tcetmumbai.in,+91 7439913072,Internet of Things,CONFIRMED,2026-08-18
TCET-GIVEAWAY-0338,KHUSHI KAPOOR,khushi.kapoor338@tcetmumbai.in,+91 7549251499,Electronics & Telecommunication,CONFIRMED,2026-08-22
TCET-GIVEAWAY-0339,SAHIL CHAVAN,sahil.chavan339@tcetmumbai.in,+91 9225687146,Electronics & Telecommunication,CONFIRMED,2026-08-17
TCET-GIVEAWAY-0340,VIHAAN DESHMUKH,vihaan.deshmukh340@tcetmumbai.in,+91 7924482121,Internet of Things,CONFIRMED,2026-08-23
TCET-GIVEAWAY-0341,ARNAV CHOPRA,arnav.chopra341@tcetmumbai.in,+91 7242180942,Computer Engineering,CONFIRMED,2026-08-21
TCET-GIVEAWAY-0342,KUNAL GUPTA,kunal.gupta342@tcetmumbai.in,+91 7372299125,Electronics & Telecommunication,CONFIRMED,2026-08-24
TCET-GIVEAWAY-0343,ANANYA BANSAL,ananya.bansal343@tcetmumbai.in,+91 7349420132,External Guest / Attendee,CONFIRMED,2026-08-20
TCET-GIVEAWAY-0344,ANANYA KULKARNI,ananya.kulkarni344@tcetmumbai.in,+91 9891564927,External Guest / Attendee,CONFIRMED,2026-08-19
TCET-GIVEAWAY-0345,TANMAY CHAKRABORTY,tanmay.chakraborty345@tcetmumbai.in,+91 7076772338,Electronics & Telecommunication,CONFIRMED,2026-08-22
TCET-GIVEAWAY-0346,ZOYA PAWAR,zoya.pawar346@tcetmumbai.in,+91 9136213883,External Guest / Attendee,CONFIRMED,2026-08-19
TCET-GIVEAWAY-0347,DHRUV DUTTA,dhruv.dutta347@tcetmumbai.in,+91 8601930780,Internet of Things,CONFIRMED,2026-08-22
TCET-GIVEAWAY-0348,SAURABH ROY,saurabh.roy348@tcetmumbai.in,+91 8092538995,Internet of Things,CONFIRMED,2026-08-26
TCET-GIVEAWAY-0349,MEERA TIWARI,meera.tiwari349@tcetmumbai.in,+91 7344725799,Electronics & Telecommunication,CONFIRMED,2026-08-19
TCET-GIVEAWAY-0350,UTKARSH SHINDE,utkarsh.shinde350@tcetmumbai.in,+91 7857844665,Organizing Committee,CONFIRMED,2026-08-24
TCET-GIVEAWAY-0351,UTKARSH SHARMA,utkarsh.sharma351@tcetmumbai.in,+91 7386857086,Computer Engineering,CONFIRMED,2026-08-17
TCET-GIVEAWAY-0352,KAUSTUBH KUMAR,kaustubh.kumar352@tcetmumbai.in,+91 8366202387,Artificial Intelligence & Data Science,CONFIRMED,2026-08-18
TCET-GIVEAWAY-0353,ALOK SINGH,alok.singh353@tcetmumbai.in,+91 8302312529,Mechanical Engineering,CONFIRMED,2026-08-16
TCET-GIVEAWAY-0354,SAMARTH MEHTA,samarth.mehta354@tcetmumbai.in,+91 8149103663,Information Technology,CONFIRMED,2026-08-19
TCET-GIVEAWAY-0355,MUHAMMAD VERMA,muhammad.verma355@tcetmumbai.in,+91 9864231548,Civil Engineering,CONFIRMED,2026-08-23
TCET-GIVEAWAY-0356,ANIKET KULKARNI,aniket.kulkarni356@tcetmumbai.in,+91 8202795730,External Guest / Attendee,CONFIRMED,2026-08-20
TCET-GIVEAWAY-0357,KARAN CHAVAN,karan.chavan357@tcetmumbai.in,+91 9027633144,Information Technology,CONFIRMED,2026-08-17
TCET-GIVEAWAY-0358,ZOYA GHOSH,zoya.ghosh358@tcetmumbai.in,+91 9835266652,Computer Engineering,CONFIRMED,2026-08-16
TCET-GIVEAWAY-0359,SNEHA KAMATH,sneha.kamath359@tcetmumbai.in,+91 8002042233,Internet of Things,CONFIRMED,2026-08-25
TCET-GIVEAWAY-0360,ARNAV JOSHI,arnav.joshi360@tcetmumbai.in,+91 9203368374,Organizing Committee,CONFIRMED,2026-08-20
TCET-GIVEAWAY-0361,KABIR CHAVAN,kabir.chavan361@tcetmumbai.in,+91 7114105476,Organizing Committee,CONFIRMED,2026-08-24
TCET-GIVEAWAY-0362,REYANSH CHOPRA,reyansh.chopra362@tcetmumbai.in,+91 9582846843,Computer Engineering,CONFIRMED,2026-08-20
TCET-GIVEAWAY-0363,MEERA AGARWAL,meera.agarwal363@tcetmumbai.in,+91 9497617049,Internet of Things,CONFIRMED,2026-08-23
TCET-GIVEAWAY-0364,PRATEEK CHATTERJEE,prateek.chatterjee364@tcetmumbai.in,+91 9673568353,Civil Engineering,CONFIRMED,2026-08-25
TCET-GIVEAWAY-0365,MAYANK ROY,mayank.roy365@tcetmumbai.in,+91 7628751006,Internet of Things,CONFIRMED,2026-08-20
TCET-GIVEAWAY-0366,VIHAAN KAPOOR,vihaan.kapoor366@tcetmumbai.in,+91 8514723700,Artificial Intelligence & Data Science,CONFIRMED,2026-08-22
TCET-GIVEAWAY-0367,DEEPAK JOSHI,deepak.joshi367@tcetmumbai.in,+91 8606632207,External Guest / Attendee,CONFIRMED,2026-08-25
TCET-GIVEAWAY-0368,ADVAITH DAS,advaith.das368@tcetmumbai.in,+91 8799511237,Mechanical Engineering,CONFIRMED,2026-08-20
TCET-GIVEAWAY-0369,SNEHA BANERJEE,sneha.banerjee369@tcetmumbai.in,+91 7198311798,Information Technology,CONFIRMED,2026-08-16
TCET-GIVEAWAY-0370,ADVIK MISHRA,advik.mishra370@tcetmumbai.in,+91 9880677311,Electronics & Telecommunication,CONFIRMED,2026-08-22
TCET-GIVEAWAY-0371,ABHISHEK CHATTERJEE,abhishek.chatterjee371@tcetmumbai.in,+91 8794328410,Internet of Things,CONFIRMED,2026-08-24
TCET-GIVEAWAY-0372,SWAPNIL KAPOOR,swapnil.kapoor372@tcetmumbai.in,+91 8455915435,Artificial Intelligence & Data Science,CONFIRMED,2026-08-25
TCET-GIVEAWAY-0373,AARYAN PAWAR,aaryan.pawar373@tcetmumbai.in,+91 9575566480,Mechanical Engineering,CONFIRMED,2026-08-24
TCET-GIVEAWAY-0374,HARSH MITTAL,harsh.mittal374@tcetmumbai.in,+91 9889320445,Organizing Committee,CONFIRMED,2026-08-21
TCET-GIVEAWAY-0375,KUNAL CHAKRABORTY,kunal.chakraborty375@tcetmumbai.in,+91 9742391611,Electronics & Telecommunication,CONFIRMED,2026-08-23
TCET-GIVEAWAY-0376,YASH SHETTY,yash.shetty376@tcetmumbai.in,+91 7634933629,External Guest / Attendee,CONFIRMED,2026-08-23
TCET-GIVEAWAY-0377,MANDAR CHAKRABORTY,mandar.chakraborty377@tcetmumbai.in,+91 7178240372,Electronics & Telecommunication,CONFIRMED,2026-08-20
TCET-GIVEAWAY-0378,KUNAL GOEL,kunal.goel378@tcetmumbai.in,+91 9927894188,Artificial Intelligence & Data Science,CONFIRMED,2026-08-23
TCET-GIVEAWAY-0379,DEV BHAT,dev.bhat379@tcetmumbai.in,+91 8789032579,Electronics & Telecommunication,CONFIRMED,2026-08-17
TCET-GIVEAWAY-0380,MUHAMMAD JOSHI,muhammad.joshi380@tcetmumbai.in,+91 7528007908,External Guest / Attendee,CONFIRMED,2026-08-19
TCET-GIVEAWAY-0381,REYANSH GOEL,reyansh.goel381@tcetmumbai.in,+91 8697104228,Electronics & Telecommunication,CONFIRMED,2026-08-18
TCET-GIVEAWAY-0382,KAVYA SHETTY,kavya.shetty382@tcetmumbai.in,+91 9467118031,Computer Engineering,CONFIRMED,2026-08-20
TCET-GIVEAWAY-0383,ALOK ROY,alok.roy383@tcetmumbai.in,+91 7610665359,Internet of Things,CONFIRMED,2026-08-22
TCET-GIVEAWAY-0384,GAURI MUKHERJEE,gauri.mukherjee384@tcetmumbai.in,+91 7422424241,Information Technology,CONFIRMED,2026-08-22
TCET-GIVEAWAY-0385,PRANAV PATEL,pranav.patel385@tcetmumbai.in,+91 8955064152,Information Technology,CONFIRMED,2026-08-19
TCET-GIVEAWAY-0386,ROHAN GARG,rohan.garg386@tcetmumbai.in,+91 7168443177,Mechanical Engineering,CONFIRMED,2026-08-24
TCET-GIVEAWAY-0387,KARAN BHAT,karan.bhat387@tcetmumbai.in,+91 9087706884,External Guest / Attendee,CONFIRMED,2026-08-22
TCET-GIVEAWAY-0388,SAANVI SEN,saanvi.sen388@tcetmumbai.in,+91 8780909288,Organizing Committee,CONFIRMED,2026-08-19
TCET-GIVEAWAY-0389,ATHARVA DUTTA,atharva.dutta389@tcetmumbai.in,+91 7452054725,Mechanical Engineering,CONFIRMED,2026-08-19
TCET-GIVEAWAY-0390,ANANYA REDDY,ananya.reddy390@tcetmumbai.in,+91 9384025712,Artificial Intelligence & Data Science,CONFIRMED,2026-08-26
TCET-GIVEAWAY-0391,ADVAITH KUMAR,advaith.kumar391@tcetmumbai.in,+91 9799879514,Computer Engineering,CONFIRMED,2026-08-24
TCET-GIVEAWAY-0392,PRATHAMESH SHAH,prathamesh.shah392@tcetmumbai.in,+91 8158138740,Organizing Committee,CONFIRMED,2026-08-19
TCET-GIVEAWAY-0393,SANKET KULKARNI,sanket.kulkarni393@tcetmumbai.in,+91 9590061668,Mechanical Engineering,CONFIRMED,2026-08-25
TCET-GIVEAWAY-0394,DEV KUMAR,dev.kumar394@tcetmumbai.in,+91 8225293344,Computer Engineering,CONFIRMED,2026-08-24
TCET-GIVEAWAY-0395,CHINMAY YADAV,chinmay.yadav395@tcetmumbai.in,+91 7152744541,Information Technology,CONFIRMED,2026-08-19
TCET-GIVEAWAY-0396,YASH KULKARNI,yash.kulkarni396@tcetmumbai.in,+91 9557400220,Electronics & Telecommunication,CONFIRMED,2026-08-22
TCET-GIVEAWAY-0397,ISHAAN REDDY,ishaan.reddy397@tcetmumbai.in,+91 8652815168,Information Technology,CONFIRMED,2026-08-17
TCET-GIVEAWAY-0398,KAUSTUBH SHAH,kaustubh.shah398@tcetmumbai.in,+91 9573411890,Civil Engineering,CONFIRMED,2026-08-16
TCET-GIVEAWAY-0399,KAUSTUBH SHAH,kaustubh.shah399@tcetmumbai.in,+91 9969484708,Mechanical Engineering,CONFIRMED,2026-08-19
TCET-GIVEAWAY-0400,ADVAITH GHOSH,advaith.ghosh400@tcetmumbai.in,+91 7342792581,Mechanical Engineering,CONFIRMED,2026-08-21
TCET-GIVEAWAY-0401,UTKARSH PILLAI,utkarsh.pillai401@tcetmumbai.in,+91 9202866503,External Guest / Attendee,CONFIRMED,2026-08-23
TCET-GIVEAWAY-0402,ZOYA REDDY,zoya.reddy402@tcetmumbai.in,+91 7855947128,External Guest / Attendee,CONFIRMED,2026-08-21
TCET-GIVEAWAY-0403,MAYANK SINGH,mayank.singh403@tcetmumbai.in,+91 8588973334,Information Technology,CONFIRMED,2026-08-20
TCET-GIVEAWAY-0404,PRATHAMESH DAS,prathamesh.das404@tcetmumbai.in,+91 9556515951,Organizing Committee,CONFIRMED,2026-08-22
TCET-GIVEAWAY-0405,VARUN CHAKRABORTY,varun.chakraborty405@tcetmumbai.in,+91 8665288363,Artificial Intelligence & Data Science,CONFIRMED,2026-08-25
TCET-GIVEAWAY-0406,AARAV PATIL,aarav.patil406@tcetmumbai.in,+91 7448609128,Organizing Committee,CONFIRMED,2026-08-24
TCET-GIVEAWAY-0407,DIYA DUTTA,diya.dutta407@tcetmumbai.in,+91 9394339746,Civil Engineering,CONFIRMED,2026-08-23
TCET-GIVEAWAY-0408,ADITYA MEHTA,aditya.mehta408@tcetmumbai.in,+91 7111872121,Civil Engineering,CONFIRMED,2026-08-22
TCET-GIVEAWAY-0409,RUDRA MITTAL,rudra.mittal409@tcetmumbai.in,+91 7317308810,Information Technology,CONFIRMED,2026-08-19
TCET-GIVEAWAY-0410,NIKHIL ROY,nikhil.roy410@tcetmumbai.in,+91 7209134435,Information Technology,CONFIRMED,2026-08-23
TCET-GIVEAWAY-0411,SAURABH TIWARI,saurabh.tiwari411@tcetmumbai.in,+91 9050216956,Artificial Intelligence & Data Science,CONFIRMED,2026-08-19
TCET-GIVEAWAY-0412,PRATEEK DUBEY,prateek.dubey412@tcetmumbai.in,+91 9067162166,Information Technology,CONFIRMED,2026-08-22
TCET-GIVEAWAY-0413,OMKAR PILLAI,omkar.pillai413@tcetmumbai.in,+91 8419663475,External Guest / Attendee,CONFIRMED,2026-08-21
TCET-GIVEAWAY-0414,SAMARTH DESHMUKH,samarth.deshmukh414@tcetmumbai.in,+91 9589602708,Organizing Committee,CONFIRMED,2026-08-18
TCET-GIVEAWAY-0415,SANKET PAWAR,sanket.pawar415@tcetmumbai.in,+91 8802403726,Computer Engineering,CONFIRMED,2026-08-22
TCET-GIVEAWAY-0416,SAMARTH JAIN,samarth.jain416@tcetmumbai.in,+91 9114663111,Computer Engineering,CONFIRMED,2026-08-22
TCET-GIVEAWAY-0417,ADITYA DAS,aditya.das417@tcetmumbai.in,+91 7824940905,External Guest / Attendee,CONFIRMED,2026-08-18
TCET-GIVEAWAY-0418,OMKAR DESHMUKH,omkar.deshmukh418@tcetmumbai.in,+91 8323782674,Computer Engineering,CONFIRMED,2026-08-21
TCET-GIVEAWAY-0419,ROHIT JAIN,rohit.jain419@tcetmumbai.in,+91 9370202160,External Guest / Attendee,CONFIRMED,2026-08-21
TCET-GIVEAWAY-0420,MANDAR PATIL,mandar.patil420@tcetmumbai.in,+91 7129250233,Artificial Intelligence & Data Science,CONFIRMED,2026-08-22
TCET-GIVEAWAY-0421,SNEHA BANERJEE,sneha.banerjee421@tcetmumbai.in,+91 7558597486,Electronics & Telecommunication,CONFIRMED,2026-08-25
TCET-GIVEAWAY-0422,KHUSHI YADAV,khushi.yadav422@tcetmumbai.in,+91 7215695075,Computer Engineering,CONFIRMED,2026-08-23
TCET-GIVEAWAY-0423,ARJUN CHATTERJEE,arjun.chatterjee423@tcetmumbai.in,+91 7285058824,Information Technology,CONFIRMED,2026-08-24
TCET-GIVEAWAY-0424,SHRUTI MUKHERJEE,shruti.mukherjee424@tcetmumbai.in,+91 9216068047,Information Technology,CONFIRMED,2026-08-24
TCET-GIVEAWAY-0425,ARNAV PATIL,arnav.patil425@tcetmumbai.in,+91 8104585675,External Guest / Attendee,CONFIRMED,2026-08-20
TCET-GIVEAWAY-0426,KARAN BANSAL,karan.bansal426@tcetmumbai.in,+91 8178447519,Organizing Committee,CONFIRMED,2026-08-24
TCET-GIVEAWAY-0427,ISHAAN MEHTA,ishaan.mehta427@tcetmumbai.in,+91 9898857749,Organizing Committee,CONFIRMED,2026-08-20
TCET-GIVEAWAY-0428,ALOK TIWARI,alok.tiwari428@tcetmumbai.in,+91 7423460569,Civil Engineering,CONFIRMED,2026-08-23
TCET-GIVEAWAY-0429,VIHAAN RAO,vihaan.rao429@tcetmumbai.in,+91 9166509915,Artificial Intelligence & Data Science,CONFIRMED,2026-08-20
TCET-GIVEAWAY-0430,KAUSTUBH DAS,kaustubh.das430@tcetmumbai.in,+91 7971245089,Civil Engineering,CONFIRMED,2026-08-25
TCET-GIVEAWAY-0431,AARAV CHAVAN,aarav.chavan431@tcetmumbai.in,+91 7482491521,Electronics & Telecommunication,CONFIRMED,2026-08-18
TCET-GIVEAWAY-0432,PRANAV CHAVAN,pranav.chavan432@tcetmumbai.in,+91 9029032343,Mechanical Engineering,CONFIRMED,2026-08-19
TCET-GIVEAWAY-0433,KABIR JOSHI,kabir.joshi433@tcetmumbai.in,+91 7276688827,Information Technology,CONFIRMED,2026-08-17
TCET-GIVEAWAY-0434,DHRUV DUTTA,dhruv.dutta434@tcetmumbai.in,+91 9934022102,Organizing Committee,CONFIRMED,2026-08-24
TCET-GIVEAWAY-0435,SAHIL BANSAL,sahil.bansal435@tcetmumbai.in,+91 8123321413,Computer Engineering,CONFIRMED,2026-08-19
TCET-GIVEAWAY-0436,ABHISHEK KAPOOR,abhishek.kapoor436@tcetmumbai.in,+91 8688611025,Mechanical Engineering,CONFIRMED,2026-08-17
TCET-GIVEAWAY-0437,PRATHAMESH MUKHERJEE,prathamesh.mukherjee437@tcetmumbai.in,+91 7082233476,Mechanical Engineering,CONFIRMED,2026-08-22
TCET-GIVEAWAY-0438,SIDDHESH JOSHI,siddhesh.joshi438@tcetmumbai.in,+91 7754081135,Electronics & Telecommunication,CONFIRMED,2026-08-20
TCET-GIVEAWAY-0439,PRATEEK GUPTA,prateek.gupta439@tcetmumbai.in,+91 8862489254,Computer Engineering,CONFIRMED,2026-08-23
TCET-GIVEAWAY-0440,ARNAV MEHTA,arnav.mehta440@tcetmumbai.in,+91 8363904892,Organizing Committee,CONFIRMED,2026-08-17
TCET-GIVEAWAY-0441,ROHAN KUMAR,rohan.kumar441@tcetmumbai.in,+91 9802962788,Computer Engineering,CONFIRMED,2026-08-17
TCET-GIVEAWAY-0442,SAANVI VERMA,saanvi.verma442@tcetmumbai.in,+91 9176258868,Computer Engineering,CONFIRMED,2026-08-25
TCET-GIVEAWAY-0443,OMKAR KAMATH,omkar.kamath443@tcetmumbai.in,+91 7826556359,Mechanical Engineering,CONFIRMED,2026-08-24
TCET-GIVEAWAY-0444,CHIRAG DAS,chirag.das444@tcetmumbai.in,+91 7112010296,Mechanical Engineering,CONFIRMED,2026-08-22
TCET-GIVEAWAY-0445,REYANSH REDDY,reyansh.reddy445@tcetmumbai.in,+91 7121754986,Artificial Intelligence & Data Science,CONFIRMED,2026-08-17
TCET-GIVEAWAY-0446,SAI MITTAL,sai.mittal446@tcetmumbai.in,+91 7494528837,Civil Engineering,CONFIRMED,2026-08-25
TCET-GIVEAWAY-0447,ANIKA SEN,anika.sen447@tcetmumbai.in,+91 8668207869,Civil Engineering,CONFIRMED,2026-08-21
TCET-GIVEAWAY-0448,SAANVI SHARMA,saanvi.sharma448@tcetmumbai.in,+91 8744397148,Computer Engineering,CONFIRMED,2026-08-23
TCET-GIVEAWAY-0449,SHRUTI ROY,shruti.roy449@tcetmumbai.in,+91 7090447933,Internet of Things,CONFIRMED,2026-08-24
TCET-GIVEAWAY-0450,SAI CHAVAN,sai.chavan450@tcetmumbai.in,+91 8227711545,Computer Engineering,CONFIRMED,2026-08-19
TCET-GIVEAWAY-0451,NIKHIL CHOPRA,nikhil.chopra451@tcetmumbai.in,+91 8438477670,Internet of Things,CONFIRMED,2026-08-23
TCET-GIVEAWAY-0452,AARYAN MEHTA,aaryan.mehta452@tcetmumbai.in,+91 8992467727,Mechanical Engineering,CONFIRMED,2026-08-25
TCET-GIVEAWAY-0453,TANMAY PAWAR,tanmay.pawar453@tcetmumbai.in,+91 7514278122,Computer Engineering,CONFIRMED,2026-08-19
TCET-GIVEAWAY-0454,ISHAAN CHATTERJEE,ishaan.chatterjee454@tcetmumbai.in,+91 7722776551,Mechanical Engineering,CONFIRMED,2026-08-16
TCET-GIVEAWAY-0455,DHRUV MEHTA,dhruv.mehta455@tcetmumbai.in,+91 9083149655,Civil Engineering,CONFIRMED,2026-08-16
TCET-GIVEAWAY-0456,AARAV GOEL,aarav.goel456@tcetmumbai.in,+91 8226942730,External Guest / Attendee,CONFIRMED,2026-08-18
TCET-GIVEAWAY-0457,SANKET MITTAL,sanket.mittal457@tcetmumbai.in,+91 7803610934,Computer Engineering,CONFIRMED,2026-08-16
TCET-GIVEAWAY-0458,PRATHAMESH PANDEY,prathamesh.pandey458@tcetmumbai.in,+91 8691596659,Civil Engineering,CONFIRMED,2026-08-19
TCET-GIVEAWAY-0459,RAHUL GHOSH,rahul.ghosh459@tcetmumbai.in,+91 8788576268,Artificial Intelligence & Data Science,CONFIRMED,2026-08-25
TCET-GIVEAWAY-0460,CHIRAG JOSHI,chirag.joshi460@tcetmumbai.in,+91 9224559552,External Guest / Attendee,CONFIRMED,2026-08-16
TCET-GIVEAWAY-0461,SAHIL PILLAI,sahil.pillai461@tcetmumbai.in,+91 9069618977,Organizing Committee,CONFIRMED,2026-08-16
TCET-GIVEAWAY-0462,AARAV PANDEY,aarav.pandey462@tcetmumbai.in,+91 8808195037,Civil Engineering,CONFIRMED,2026-08-26
TCET-GIVEAWAY-0463,VIKAS MUKHERJEE,vikas.mukherjee463@tcetmumbai.in,+91 7512677208,Organizing Committee,CONFIRMED,2026-08-21
TCET-GIVEAWAY-0464,MEERA GUPTA,meera.gupta464@tcetmumbai.in,+91 9788026396,External Guest / Attendee,CONFIRMED,2026-08-23
TCET-GIVEAWAY-0465,PRATHAMESH JAIN,prathamesh.jain465@tcetmumbai.in,+91 9871163101,Electronics & Telecommunication,CONFIRMED,2026-08-24
TCET-GIVEAWAY-0466,KUNAL KAMATH,kunal.kamath466@tcetmumbai.in,+91 7592136697,Artificial Intelligence & Data Science,CONFIRMED,2026-08-25
TCET-GIVEAWAY-0467,GAURI KAPOOR,gauri.kapoor467@tcetmumbai.in,+91 8735623172,External Guest / Attendee,CONFIRMED,2026-08-21
TCET-GIVEAWAY-0468,AYAAN SHINDE,ayaan.shinde468@tcetmumbai.in,+91 7447703978,Organizing Committee,CONFIRMED,2026-08-19
TCET-GIVEAWAY-0469,SAMARTH JAIN,samarth.jain469@tcetmumbai.in,+91 9893648936,Internet of Things,CONFIRMED,2026-08-17
TCET-GIVEAWAY-0470,ISHAAN MUKHERJEE,ishaan.mukherjee470@tcetmumbai.in,+91 8451848256,Computer Engineering,CONFIRMED,2026-08-18
TCET-GIVEAWAY-0471,ANANYA SINGH,ananya.singh471@tcetmumbai.in,+91 7900299656,Mechanical Engineering,CONFIRMED,2026-08-23
TCET-GIVEAWAY-0472,VIVAAN CHATTERJEE,vivaan.chatterjee472@tcetmumbai.in,+91 9663644363,Computer Engineering,CONFIRMED,2026-08-20
TCET-GIVEAWAY-0473,ADVIK GARG,advik.garg473@tcetmumbai.in,+91 9549741158,Civil Engineering,CONFIRMED,2026-08-26
TCET-GIVEAWAY-0474,VEDA MALHOTRA,veda.malhotra474@tcetmumbai.in,+91 7271161512,Civil Engineering,CONFIRMED,2026-08-22
TCET-GIVEAWAY-0475,VIKAS DUBEY,vikas.dubey475@tcetmumbai.in,+91 9533851160,Information Technology,CONFIRMED,2026-08-21
TCET-GIVEAWAY-0476,ANIKA GARG,anika.garg476@tcetmumbai.in,+91 9227507415,Mechanical Engineering,CONFIRMED,2026-08-20
TCET-GIVEAWAY-0477,KABIR KULKARNI,kabir.kulkarni477@tcetmumbai.in,+91 8837778996,Civil Engineering,CONFIRMED,2026-08-18
TCET-GIVEAWAY-0478,RUDRA GUPTA,rudra.gupta478@tcetmumbai.in,+91 8245159534,Electronics & Telecommunication,CONFIRMED,2026-08-21
TCET-GIVEAWAY-0479,ADVAITH VERMA,advaith.verma479@tcetmumbai.in,+91 9583919263,Electronics & Telecommunication,CONFIRMED,2026-08-16
TCET-GIVEAWAY-0480,TANMAY CHOPRA,tanmay.chopra480@tcetmumbai.in,+91 8845279936,Organizing Committee,CONFIRMED,2026-08-22
TCET-GIVEAWAY-0481,VIGNESH REDDY,vignesh.reddy481@tcetmumbai.in,+91 9626458739,Computer Engineering,CONFIRMED,2026-08-24
TCET-GIVEAWAY-0482,NAVYA GARG,navya.garg482@tcetmumbai.in,+91 7757646074,Organizing Committee,CONFIRMED,2026-08-22
TCET-GIVEAWAY-0483,KARAN CHAVAN,karan.chavan483@tcetmumbai.in,+91 8630883605,Organizing Committee,CONFIRMED,2026-08-21
TCET-GIVEAWAY-0484,KAUSTUBH SHETTY,kaustubh.shetty484@tcetmumbai.in,+91 8540380111,Civil Engineering,CONFIRMED,2026-08-17
TCET-GIVEAWAY-0485,RAJAT MISHRA,rajat.mishra485@tcetmumbai.in,+91 9480351065,Artificial Intelligence & Data Science,CONFIRMED,2026-08-19
TCET-GIVEAWAY-0486,SHRUTI PANDEY,shruti.pandey486@tcetmumbai.in,+91 7659549865,Information Technology,CONFIRMED,2026-08-19
TCET-GIVEAWAY-0487,TANMAY CHAVAN,tanmay.chavan487@tcetmumbai.in,+91 8961552071,Information Technology,CONFIRMED,2026-08-21
TCET-GIVEAWAY-0488,ARNAV IYER,arnav.iyer488@tcetmumbai.in,+91 7354097501,Information Technology,CONFIRMED,2026-08-20
TCET-GIVEAWAY-0489,VIKAS DUTTA,vikas.dutta489@tcetmumbai.in,+91 8416376301,Civil Engineering,CONFIRMED,2026-08-16
TCET-GIVEAWAY-0490,POOJA BHAT,pooja.bhat490@tcetmumbai.in,+91 9763614470,Information Technology,CONFIRMED,2026-08-16
TCET-GIVEAWAY-0491,VIHAAN SHAH,vihaan.shah491@tcetmumbai.in,+91 9796014051,Mechanical Engineering,CONFIRMED,2026-08-24
TCET-GIVEAWAY-0492,SHAURYA DUBEY,shaurya.dubey492@tcetmumbai.in,+91 9474304437,Organizing Committee,CONFIRMED,2026-08-26
TCET-GIVEAWAY-0493,SHRUTI KAPOOR,shruti.kapoor493@tcetmumbai.in,+91 9303827017,Internet of Things,CONFIRMED,2026-08-18
TCET-GIVEAWAY-0494,VARUN RAO,varun.rao494@tcetmumbai.in,+91 8710709477,Civil Engineering,CONFIRMED,2026-08-24
TCET-GIVEAWAY-0495,SAURABH DUTTA,saurabh.dutta495@tcetmumbai.in,+91 7413117903,Computer Engineering,CONFIRMED,2026-08-24
TCET-GIVEAWAY-0496,SAURABH KAPOOR,saurabh.kapoor496@tcetmumbai.in,+91 9002213504,External Guest / Attendee,CONFIRMED,2026-08-20
TCET-GIVEAWAY-0497,MAYANK YADAV,mayank.yadav497@tcetmumbai.in,+91 8304604554,Civil Engineering,CONFIRMED,2026-08-20
TCET-GIVEAWAY-0498,VIVAAN CHAVAN,vivaan.chavan498@tcetmumbai.in,+91 7349153563,Electronics & Telecommunication,CONFIRMED,2026-08-23
TCET-GIVEAWAY-0499,VARUN DESHMUKH,varun.deshmukh499@tcetmumbai.in,+91 7962899005,Civil Engineering,CONFIRMED,2026-08-25
TCET-GIVEAWAY-0500,REYANSH SHAH,reyansh.shah500@tcetmumbai.in,+91 9752080847,Artificial Intelligence & Data Science,CONFIRMED,2026-08-21
TCET-GIVEAWAY-0501,SNEHA SEN,sneha.sen501@tcetmumbai.in,+91 7648504495,Artificial Intelligence & Data Science,CONFIRMED,2026-08-16
TCET-GIVEAWAY-0502,ROHIT SEN,rohit.sen502@tcetmumbai.in,+91 8872063750,Electronics & Telecommunication,CONFIRMED,2026-08-18
TCET-GIVEAWAY-0503,AKASH IYER,akash.iyer503@tcetmumbai.in,+91 8454002484,Mechanical Engineering,CONFIRMED,2026-08-20
TCET-GIVEAWAY-0504,SAMARTH ROY,samarth.roy504@tcetmumbai.in,+91 8704358538,Artificial Intelligence & Data Science,CONFIRMED,2026-08-17
TCET-GIVEAWAY-0505,POOJA PANDEY,pooja.pandey505@tcetmumbai.in,+91 9741122448,Electronics & Telecommunication,CONFIRMED,2026-08-21
TCET-GIVEAWAY-0506,NIKHIL BANERJEE,nikhil.banerjee506@tcetmumbai.in,+91 7504595452,Organizing Committee,CONFIRMED,2026-08-18
TCET-GIVEAWAY-0507,SHUBHAM BOSE,shubham.bose507@tcetmumbai.in,+91 7562299144,Organizing Committee,CONFIRMED,2026-08-16
TCET-GIVEAWAY-0508,ANANYA MALHOTRA,ananya.malhotra508@tcetmumbai.in,+91 7620863628,Civil Engineering,CONFIRMED,2026-08-17
TCET-GIVEAWAY-0509,SANKET GUPTA,sanket.gupta509@tcetmumbai.in,+91 8872850317,Organizing Committee,CONFIRMED,2026-08-18
TCET-GIVEAWAY-0510,DHRUV RAO,dhruv.rao510@tcetmumbai.in,+91 9156910537,Information Technology,CONFIRMED,2026-08-21
TCET-GIVEAWAY-0511,SNEHA VERMA,sneha.verma511@tcetmumbai.in,+91 8766021089,Internet of Things,CONFIRMED,2026-08-23
TCET-GIVEAWAY-0512,KAVYA SINGH,kavya.singh512@tcetmumbai.in,+91 9142068492,External Guest / Attendee,CONFIRMED,2026-08-22
TCET-GIVEAWAY-0513,SAURABH PILLAI,saurabh.pillai513@tcetmumbai.in,+91 9343759773,Organizing Committee,CONFIRMED,2026-08-17
TCET-GIVEAWAY-0514,KRISHNA SHARMA,krishna.sharma514@tcetmumbai.in,+91 9300586418,Mechanical Engineering,CONFIRMED,2026-08-18
TCET-GIVEAWAY-0515,DEV SHARMA,dev.sharma515@tcetmumbai.in,+91 8621277031,Electronics & Telecommunication,CONFIRMED,2026-08-25
TCET-GIVEAWAY-0516,VIVAAN PATIL,vivaan.patil516@tcetmumbai.in,+91 8132680164,Information Technology,CONFIRMED,2026-08-20
TCET-GIVEAWAY-0517,TEJAS AGARWAL,tejas.agarwal517@tcetmumbai.in,+91 8832029838,Organizing Committee,CONFIRMED,2026-08-23
TCET-GIVEAWAY-0518,KARAN TIWARI,karan.tiwari518@tcetmumbai.in,+91 8617795985,Computer Engineering,CONFIRMED,2026-08-22
TCET-GIVEAWAY-0519,ADITYA GUPTA,aditya.gupta519@tcetmumbai.in,+91 7859517612,Mechanical Engineering,CONFIRMED,2026-08-16
TCET-GIVEAWAY-0520,DEV PAWAR,dev.pawar520@tcetmumbai.in,+91 8988780108,Civil Engineering,CONFIRMED,2026-08-17
TCET-GIVEAWAY-0521,VIGNESH GHOSH,vignesh.ghosh521@tcetmumbai.in,+91 9040621966,Information Technology,CONFIRMED,2026-08-18
TCET-GIVEAWAY-0522,SIDDHARTH IYER,siddharth.iyer522@tcetmumbai.in,+91 9136697534,Mechanical Engineering,CONFIRMED,2026-08-22
TCET-GIVEAWAY-0523,TANVI DUTTA,tanvi.dutta523@tcetmumbai.in,+91 7294677448,Organizing Committee,CONFIRMED,2026-08-21
TCET-GIVEAWAY-0524,OMKAR DUBEY,omkar.dubey524@tcetmumbai.in,+91 8773964053,Civil Engineering,CONFIRMED,2026-08-23
TCET-GIVEAWAY-0525,TUSHAR CHAVAN,tushar.chavan525@tcetmumbai.in,+91 7858609766,Information Technology,CONFIRMED,2026-08-24
TCET-GIVEAWAY-0526,ARNAV CHAVAN,arnav.chavan526@tcetmumbai.in,+91 7851125154,Internet of Things,CONFIRMED,2026-08-19
TCET-GIVEAWAY-0527,NIKHIL VERMA,nikhil.verma527@tcetmumbai.in,+91 8901689127,Computer Engineering,CONFIRMED,2026-08-23
TCET-GIVEAWAY-0528,KARAN KAPOOR,karan.kapoor528@tcetmumbai.in,+91 7529984992,Electronics & Telecommunication,CONFIRMED,2026-08-16